,LR,kNN,SVCrbf,SVCpoly1,linSVC1,linSVC2,DT,RF,AdaBoost,MLP1,MLP2,NB,QDA,cnn,prcnn,cnn_full,crnn,crnn2,crnn3,crnn4,crnn5,crnn6,crnn7,crnn4n,cnn_lstm,crnn8,crnn4_conv11
Kappa,-0.04535714285714286,-0.028392857142857136,-0.05053571428571429,-0.050357142857142864,-0.03982142857142857,-0.043571428571428567,-0.03553571428571429,-0.036071428571428574,-0.02821428571428572,-0.04392857142857143,-0.045,-0.02053571428571429,-0.028392857142857136,-0.04267857142857144,-0.04553571428571429,-0.012462100945247013,-0.04857142857142858,-0.042321428571428565,-0.04642857142857143,-0.04964285714285714,-0.05357142857142857,-0.04071428571428571,-0.045714285714285714,-0.04660714285714285,-0.047678571428571424,-0.04642857142857143,-0.0
